accuracy,f1_score,precision,recall
0.7231404958677686,0.7230922753858767,0.7302185604468837,0.7231404958677686
