accuracy,f1_score,precision,recall
0.941702550513415,0.9416892478004344,0.9416967041099132,0.941702550513415
