accuracy,f1_score,precision,recall
0.8711171949036538,0.8711242742246119,0.8711376152497163,0.8711171949036538
