accuracy,f1_score,precision,recall
0.9630672408082146,0.9630660290419298,0.9630652947036332,0.9630672408082146
