accuracy,f1_score,precision,recall
0.9719572130673605,0.9719602651414145,0.972119452646642,0.9719572130673605
