accuracy,f1_score,precision,recall
0.9553543224176055,0.9553094453013882,0.9560168367735228,0.9553543224176055
