accuracy,f1_score,precision,recall
0.9222318589187627,0.9221994013683682,0.9224525231429996,0.9222318589187627
