accuracy,f1_score,precision,recall
0.9453599306157849,0.9453569713263266,0.9463914976523081,0.9453599306157849
