accuracy,f1_score,precision,recall
0.922185953458987,0.9218493336911217,0.9265669333565307,0.922185953458987
