loss,accuracy,val_loss,val_accuracy
0.04608342424035072,0.9837436079978943,0.32003939151763916,0.9149664044380188
