accuracy,f1_score,precision,recall
0.8694932096720769,0.8695651670852007,0.8698090512155954,0.8694932096720769
